"Status","Start Time","Stop Time","Duration in ms","Parent Suite","Suite","Sub Suite","Test Class","Test Method","Name","Description"
"passed","Fri Mar 26 13:52:56 CST 2021","Fri Mar 26 13:52:56 CST 2021","73","testcase","test_login","Testlogin","","","test_case_flashtoken[tokedata1-res1]",""
"passed","Fri Mar 26 13:52:56 CST 2021","Fri Mar 26 13:52:56 CST 2021","83","testcase","test_login","Testlogin","","","test_case_login[inputdata4-reps4]",""
"passed","Fri Mar 26 13:52:56 CST 2021","Fri Mar 26 13:52:56 CST 2021","83","testcase","test_login","Testlogin","","","test_case_login[inputdata1-reps1]",""
"passed","Fri Mar 26 13:52:55 CST 2021","Fri Mar 26 13:52:56 CST 2021","77","testcase","test_login","Testlogin","","","test_case_login[inputdata0-reps0]",""
"passed","Fri Mar 26 13:52:56 CST 2021","Fri Mar 26 13:52:56 CST 2021","80","testcase","test_login","Testlogin","","","test_case_flashtoken[tokedata0-res0]",""
"passed","Fri Mar 26 13:52:56 CST 2021","Fri Mar 26 13:52:56 CST 2021","76","testcase","test_login","Testlogin","","","test_case_login[inputdata2-reps2]",""
"passed","Fri Mar 26 13:52:56 CST 2021","Fri Mar 26 13:52:56 CST 2021","78","testcase","test_login","Testlogin","","","test_case_login[inputdata3-reps3]",""
"passed","Fri Mar 26 13:52:56 CST 2021","Fri Mar 26 13:52:56 CST 2021","73","testcase","test_login","Testlogin","","","test_case_flashtoken[tokedata2-res2]",""
"passed","Fri Mar 26 13:52:56 CST 2021","Fri Mar 26 13:52:56 CST 2021","73","testcase","test_login","Testlogin","","","test_case_login[inputdata5-reps5]",""
